t_s,pn_m,pe_m,pd_m,u_mps,v_mps,w_mps,p_rps,q_rps,r_rps,roll_rad,pitch_rad,yaw_rad,alt_m,airspeed_mps,alpha_rad,beta_rad,aileron_rad,elevator_rad,rudder_rad,throttle_01,fx_n,fy_n,fz_n,mx_nm,my_nm,mz_nm,wind_n_mps,wind_e_mps,wind_d_mps,u_air_mps,v_air_mps,w_air_mps,aileron_cmd_rad,elevator_cmd_rad,rudder_cmd_rad,throttle_cmd_01,baro_valid,gps_valid
0.000000,0.141940,0.072234,-59.979441,16.090170,0.625135,0.275653,-0.350505,-0.520411,0.031267,0.207720,-0.107452,0.436065,59.979441,16.104668,-0.017130,0.038827,-0.350000,0.350000,-0.026486,0.592251,15.806548,2.103447,5.208303,-1.902591,-3.741052,0.019137,0.000000,0.000000,0.000000,16.090170,0.625135,0.275653,-0.350000,0.350000,-0.026486,0.592251,1,1
0.010000,0.284541,0.144833,-59.957547,16.181854,0.649211,0.281299,-0.623895,-0.953721,0.032655,0.202912,-0.114786,0.434857,59.957547,16.197315,-0.017382,0.040092,-0.350000,0.350000,-0.025968,0.586900,15.721261,2.197066,5.345840,-1.406047,-3.220790,0.026694,0.000000,0.000000,0.000000,16.181854,0.649211,0.281299,-0.350000,0.350000,-0.025968,0.586900,1,1
0.020000,0.427798,0.217796,-59.934306,16.275276,0.672507,0.219788,-0.826092,-1.332937,0.033305,0.195847,-0.126095,0.432895,59.934306,16.290647,-0.013504,0.041294,-0.350000,0.350000,-0.026930,0.585606,15.719850,2.289062,4.201074,-1.042558,-2.870121,0.027590,0.000000,0.000000,0.000000,16.275276,0.672507,0.219788,-0.350000,0.350000,-0.026930,0.585606,1,1
0.030000,0.571710,0.291141,-59.909763,16.370015,0.695763,0.090733,-0.976226,-1.677782,0.033888,0.187139,-0.140958,0.430334,59.909763,16.385045,-0.005543,0.042476,-0.350000,0.350000,-0.026169,0.589489,15.831304,2.381987,1.744392,-0.777269,-2.666976,0.037384,0.000000,0.000000,0.000000,16.370015,0.695763,0.090733,-0.350000,0.350000,-0.026169,0.589489,1,1
0.040000,0.716270,0.364896,-59.884028,16.462206,0.719938,-0.109382,-1.088378,-2.005623,0.034303,0.177242,-0.159140,0.427299,59.884028,16.478304,0.006644,0.043704,-0.350000,0.350000,-0.025660,0.573091,15.503846,2.478830,-2.115012,-0.584076,-2.595606,0.046546,0.000000,0.000000,0.000000,16.462206,0.719938,-0.109382,-0.350000,0.350000,-0.025660,0.573091,1,1
0.050000,0.861480,0.439102,-59.857277,16.550931,0.746183,-0.387245,-1.172943,-2.332405,0.034682,0.166493,-0.180564,0.423883,59.857277,16.572268,0.023393,0.045041,-0.350000,0.350000,-0.024969,0.569330,15.477787,2.583902,-7.531580,-0.444459,-2.648782,0.057514,0.000000,0.000000,0.000000,16.550931,0.746183,-0.387245,-0.350000,0.350000,-0.024969,0.569330,1,1
0.060000,1.007368,0.513824,-59.829757,16.634196,0.775830,-0.752965,-1.237655,-2.673569,0.034976,0.155140,-0.205309,0.420155,59.829757,16.669293,0.045235,0.046559,-0.350000,0.350000,-0.024547,0.576294,15.736704,2.702362,-14.735015,-0.344862,-2.825667,0.068402,0.000000,0.000000,0.000000,16.634196,0.775830,-0.752965,-0.350000,0.350000,-0.024547,0.576294,1,1
0.070000,1.153991,0.589144,-59.801797,16.705977,0.810378,-1.220430,-1.288279,-3.044793,0.035874,0.143369,-0.233604,0.416165,59.801797,16.770087,0.072924,0.048342,-0.350000,0.350000,-0.022672,0.568331,15.755518,2.839857,-24.042607,-0.275128,-3.130921,0.087997,0.000000,0.000000,0.000000,16.705977,0.810378,-1.220430,-0.350000,0.350000,-0.022672,0.568331,1,1
0.080000,1.301440,0.665172,-59.773821,16.760778,0.851602,-1.807854,-1.329173,-3.462882,0.036863,0.131315,-0.265840,0.411950,59.773821,16.879492,0.107447,0.050473,-0.350000,0.350000,-0.022053,0.566393,16.058002,3.003902,-35.888379,-0.228513,-3.578080,0.103111,0.000000,0.000000,0.000000,16.760778,0.851602,-1.807854,-0.350000,0.350000,-0.022053,0.566393,1,1
0.090000,1.449872,0.742048,-59.746362,16.788965,0.901688,-2.538607,-1.363753,-3.946873,0.038090,0.119085,-0.302583,0.407531,59.746362,17.003733,0.150070,0.053054,-0.350000,0.350000,-0.021268,0.556804,16.441345,3.204134,-50.865761,-0.200420,-4.189830,0.121941,0.000000,0.000000,0.000000,16.788965,0.901688,-2.538607,-0.350000,0.350000,-0.021268,0.556804,1,1
0.100000,1.599537,0.819960,-59.720083,16.778516,0.963310,-3.442412,-1.394853,-4.519511,0.039773,0.106753,-0.344605,0.402924,59.720083,17.155080,0.202360,0.056183,-0.350000,0.350000,-0.020145,0.553724,17.373336,3.453780,-69.815776,-0.188557,-5.003749,0.146189,0.000000,0.000000,0.000000,16.778516,0.963310,-3.442412,-0.350000,0.350000,-0.020145,0.553724,1,1
0.110000,1.750824,0.899153,-59.695797,16.709374,1.039845,-4.557108,-1.425047,-5.209438,0.041751,0.094375,-0.392933,0.398143,59.695797,17.350841,0.266252,0.059966,-0.350000,0.350000,-0.019539,0.538402,18.692429,3.771014,-93.967948,-0.192321,-6.078264,0.172680,0.000000,0.000000,0.000000,16.709374,1.039845,-4.557108,-0.350000,0.350000,-0.019539,0.538402,1,1
0.120000,1.904331,0.979964,-59.674496,16.554895,1.135657,-5.931443,-1.457012,-6.054808,0.044320,0.081983,-0.448925,0.393203,59.674496,17.622040,0.344040,0.064490,-0.350000,0.350000,-0.018520,0.534165,21.328811,4.183253,-125.247186,-0.213835,-7.510694,0.208303,0.000000,0.000000,0.000000,16.554895,1.135657,-5.931443,-0.350000,0.350000,-0.018520,0.534165,1,1
0.130000,2.060983,1.062860,-59.657380,16.272594,1.256513,-7.629780,-1.493966,-7.109710,0.047804,0.069581,-0.514390,0.388129,59.657380,18.016373,0.438437,0.069800,-0.350000,0.350000,-0.017080,0.527466,25.703134,4.732577,-166.835873,-0.258199,-9.465528,0.255987,0.000000,0.000000,0.000000,16.272594,1.256513,-7.629780,-0.350000,0.350000,-0.017080,0.527466,1,1
0.140000,2.222209,1.148505,-59.645909,15.797288,1.410427,-9.740332,-1.540345,-8.456130,0.051816,0.057130,-0.591805,0.382961,59.645909,18.612299,0.552523,0.075852,-0.350000,0.350000,-0.016762,0.523167,33.234972,5.488813,-224.387445,-0.335969,-12.239660,0.311745,0.000000,0.000000,0.000000,15.797288,1.410427,-9.740332,-0.350000,0.350000,-0.016762,0.523167,1,1
0.150000,2.390264,1.237885,-59.641851,15.021168,1.609106,-12.390658,-1.602992,-10.228028,0.056578,0.044511,-0.684698,0.377777,59.641851,19.538504,0.689729,0.082449,-0.350000,0.350000,-0.016521,0.491848,45.857285,6.574761,-308.680423,-0.467464,-16.402109,0.390037,0.000000,0.000000,0.000000,15.021168,1.609106,-12.390658,-0.350000,0.350000,-0.016521,0.491848,1,1
0.160000,2.568853,1.332532,-59.647332,13.767407,1.868040,-15.780005,-1.658085,-12.664033,0.062938,0.031625,-0.798393,0.372755,59.647332,21.024738,0.853407,0.088967,-0.325345,0.350000,-0.016026,0.454526,69.607744,8.214888,-442.248170,-0.504710,-23.145910,0.507471,0.000000,0.000000,0.000000,13.767407,1.868040,-15.780005,-0.325345,0.350000,-0.016026,0.454526,1,1
0.170000,2.764462,1.435018,-59.664762,11.715250,2.190521,-20.254321,-1.524220,-16.234503,0.074770,0.019225,-0.941590,0.368267,59.664762,23.500702,1.046405,0.093346,-0.181597,0.350000,-0.015045,0.394549,117.684607,10.768887,-677.500672,0.410799,-35.236739,0.682110,0.000000,0.000000,0.000000,11.715250,2.190521,-20.254321,-0.181597,0.350000,-0.015045,0.394549,1,1
0.180000,2.989413,1.550088,-59.696186,8.217335,2.563725,-26.491016,-1.256442,-21.989417,0.096612,0.008179,-1.130101,0.365075,59.696186,27.854465,1.270014,0.092170,-0.065911,0.350000,-0.016391,0.282042,227.867509,14.937996,-1155.169665,1.058926,-60.026239,0.902041,0.000000,0.000000,0.000000,8.217335,2.563725,-26.491016,-0.065911,0.350000,-0.016391,0.282042,1,1
0.190000,3.269944,1.687684,-59.739556,1.738835,2.977930,-36.041633,-0.919510,-32.697769,0.134810,-0.005726,-1.397088,0.368315,59.739556,36.206228,1.522589,0.082342,0.004513,0.350000,-0.018492,0.112044,534.645003,22.547491,-2339.889412,1.381991,-121.267085,1.196026,0.000000,0.000000,0.000000,1.738835,2.977930,-36.041633,0.004513,0.350000,-0.018492,0.112044,1,1
0.200000,3.666576,1.870558,-59.768268,-12.655166,3.329241,-51.722987,-0.073780,-54.814545,0.199517,-3.130223,-1.320362,-2.794815,59.768268,53.352642,1.570796,0.062441,0.120268,0.350000,-0.024750,0.000000,1227.968127,37.127117,-5241.747966,4.682170,-248.201876,1.164752,0.000000,0.000000,0.000000,-12.655166,3.329241,-51.722987,0.120268,0.350000,-0.024750,0.000000,1,1
0.210000,4.285534,2.139900,-59.632612,-50.394462,2.148296,-73.755447,3.344123,-104.654474,-1.618666,-3.129987,-0.561709,-2.773199,59.632612,89.353695,1.570796,0.024045,0.350000,0.350000,-0.350000,0.000000,3444.284926,40.100987,-14702.395801,30.738827,-604.379855,-37.784925,0.000000,0.000000,0.000000,-50.394462,2.148296,-73.755447,0.350000,0.350000,-0.350000,0.000000,1,1
0.220000,4.956049,2.449196,-58.708445,-131.828478,-0.676025,-90.672523,12.498825,-189.047285,6.376626,-3.056748,0.804904,-2.733161,58.708445,160.002222,1.570796,-0.004225,0.350000,-0.350000,0.350000,0.000000,11044.135591,-22.594471,-47143.385632,-7.822635,-961.951930,84.184704,0.000000,0.000000,0.000000,-131.828478,-0.676025,-90.672523,0.350000,-0.350000,0.350000,0.000000,1,1
0.230000,3.742378,2.159813,-57.440797,-151.910004,-3.720855,163.161925,10.843239,-28.331587,-1.334299,0.024078,-0.223829,0.250874,57.440797,222.962570,-1.570796,-0.016689,0.350000,-0.350000,-0.185857,0.000000,21447.773346,-173.318818,91552.719397,176.409227,8922.889041,-168.206392,0.000000,0.000000,0.000000,-151.910004,-3.720855,163.161925,0.350000,-0.350000,-0.185857,0.000000,1,1
0.240000,-96.899245,-38.650885,-196.351491,-190334.427791,-43054.511682,65535.999484,69215.206163,-21740.833323,20813.437032,-0.697904,0.512419,-0.637582,196.351491,205853.959416,-1.570796,-0.210706,-0.350000,0.350000,0.224863,0.000000,18284776788.614815,-1865520375.214098,78051040795.363312,-1859691798.565686,5953293357.066843,-348156974.424441,0.000000,0.000000,0.000000,-190334.427791,-43054.511682,65535.999484,-0.350000,0.350000,0.224863,0.000000,1,1
0.250000,160426310251364594554390562850051824796021043464345809775572811776.000000,-41455096162289854163219482681699662132699460434396489409693220864.000000,-239254901618671706703646232187932218007336477785480804665512689664.000000,-281003891659971001676788677364757413480940783534080.000000,206307560370177948626441042308552255838482912509952.000000,3935098646680505798653935873628480405647984752066560.000000,-39802514220025772366430181792716975457506363965440.000000,5528345103142336275964168220539804913459025890246656.000000,586020571942373903874222513546707161414348174262272.000000,-0.211778,-0.569211,-1.978302,239254901618671706703646232187932218007336477785480804665512689664.000000,3950509758967909719295633772934818643882255474229248.000000,-1.570796,0.052247,0.350000,-0.350000,-0.350000,0.000000,6644605281367857897063156793125923019045720822651658573840640805337335639301259001651029336057041649664.000000,168097532517774618279045466768535580154822778848171660067475114482797513112215032603136403440823959552.000000,28363395620080127300385760381213420289021882404521275489013634837656788896800196947030733241831489798144.000000,135910252749064304143303074215070791218513072859352682557048345971990188473306717798513224907646566400.000000,885051311833956659795009602843308708492594939683958405045354910053257083033168996004877834977879785472.000000,-279737191910238878282712196356743635454981491704200103514767800830844704652899037299541401651761905664.000000,0.000000,0.000000,0.000000,-281003891659971001676788677364757413480940783534080.000000,206307560370177948626441042308552255838482912509952.000000,3935098646680505798653935873628480405647984752066560.000000,0.350000,-0.350000,-0.350000,0.000000,1,1
0.260000,nan,nan,nan,nan,nan,nan,nan,nan,nan,nan,nan,nan,nan,0.001000,nan,1.570796,-0.350000,0.350000,-0.350000,0.000000,nan,nan,nan,nan,nan,nan,0.000000,0.000000,0.000000,nan,nan,nan,-0.350000,0.350000,-0.350000,0.000000,1,1
0.270000,nan,nan,nan,nan,nan,nan,nan,nan,nan,nan,nan,nan,nan,0.001000,nan,1.570796,0.350000,0.350000,0.350000,1.000000,nan,nan,nan,nan,nan,nan,0.000000,0.000000,0.000000,nan,nan,nan,0.350000,0.350000,0.350000,1.000000,1,1
0.280000,nan,nan,nan,nan,nan,nan,nan,nan,nan,nan,nan,nan,nan,0.001000,nan,1.570796,0.350000,0.350000,0.350000,1.000000,nan,nan,nan,nan,nan,nan,0.000000,0.000000,0.000000,nan,nan,nan,0.350000,0.350000,0.350000,1.000000,1,1
0.290000,nan,nan,nan,nan,nan,nan,nan,nan,nan,nan,nan,nan,nan,0.001000,nan,1.570796,0.350000,0.350000,0.350000,1.000000,nan,nan,nan,nan,nan,nan,0.000000,0.000000,0.000000,nan,nan,nan,0.350000,0.350000,0.350000,1.000000,1,1
0.300000,nan,nan,nan,nan,nan,nan,nan,nan,nan,nan,nan,nan,nan,0.001000,nan,1.570796,0.350000,0.350000,0.350000,1.000000,nan,nan,nan,nan,nan,nan,0.000000,0.000000,0.000000,nan,nan,nan,0.350000,0.350000,0.350000,1.000000,1,1
0.310000,nan,nan,nan,nan,nan,nan,nan,nan,nan,nan,nan,nan,nan,0.001000,nan,1.570796,0.350000,0.350000,0.350000,1.000000,nan,nan,nan,nan,nan,nan,0.000000,0.000000,0.000000,nan,nan,nan,0.350000,0.350000,0.350000,1.000000,1,1
0.320000,nan,nan,nan,nan,nan,nan,nan,nan,nan,nan,nan,nan,nan,0.001000,nan,1.570796,0.350000,0.350000,0.350000,1.000000,nan,nan,nan,nan,nan,nan,0.000000,0.000000,0.000000,nan,nan,nan,0.350000,0.350000,0.350000,1.000000,1,1
0.330000,nan,nan,nan,nan,nan,nan,nan,nan,nan,nan,nan,nan,nan,0.001000,nan,1.570796,0.350000,0.350000,0.350000,1.000000,nan,nan,nan,nan,nan,nan,0.000000,0.000000,0.000000,nan,nan,nan,0.350000,0.350000,0.350000,1.000000,1,1
0.340000,nan,nan,nan,nan,nan,nan,nan,nan,nan,nan,nan,nan,nan,0.001000,nan,1.570796,0.350000,0.350000,0.350000,1.000000,nan,nan,nan,nan,nan,nan,0.000000,0.000000,0.000000,nan,nan,nan,0.350000,0.350000,0.350000,1.000000,1,1
0.350000,nan,nan,nan,nan,nan,nan,nan,nan,nan,nan,nan,nan,nan,0.001000,nan,1.570796,0.350000,0.350000,0.350000,1.000000,nan,nan,nan,nan,nan,nan,0.000000,0.000000,0.000000,nan,nan,nan,0.350000,0.350000,0.350000,1.000000,1,1
0.360000,nan,nan,nan,nan,nan,nan,nan,nan,nan,nan,nan,nan,nan,0.001000,nan,1.570796,0.350000,0.350000,0.350000,1.000000,nan,nan,nan,nan,nan,nan,0.000000,0.000000,0.000000,nan,nan,nan,0.350000,0.350000,0.350000,1.000000,1,1
0.370000,nan,nan,nan,nan,nan,nan,nan,nan,nan,nan,nan,nan,nan,0.001000,nan,1.570796,0.350000,0.350000,0.350000,1.000000,nan,nan,nan,nan,nan,nan,0.000000,0.000000,0.000000,nan,nan,nan,0.350000,0.350000,0.350000,1.000000,1,1
0.380000,nan,nan,nan,nan,nan,nan,nan,nan,nan,nan,nan,nan,nan,0.001000,nan,1.570796,0.350000,0.350000,0.350000,1.000000,nan,nan,nan,nan,nan,nan,0.000000,0.000000,0.000000,nan,nan,nan,0.350000,0.350000,0.350000,1.000000,1,1
0.390000,nan,nan,nan,nan,nan,nan,nan,nan,nan,nan,nan,nan,nan,0.001000,nan,1.570796,0.350000,0.350000,0.350000,1.000000,nan,nan,nan,nan,nan,nan,0.000000,0.000000,0.000000,nan,nan,nan,0.350000,0.350000,0.350000,1.000000,1,1
0.400000,nan,nan,nan,nan,nan,nan,nan,nan,nan,nan,nan,nan,nan,0.001000,nan,1.570796,0.350000,0.350000,0.350000,1.000000,nan,nan,nan,nan,nan,nan,0.000000,0.000000,0.000000,nan,nan,nan,0.350000,0.350000,0.350000,1.000000,1,1
0.410000,nan,nan,nan,nan,nan,nan,nan,nan,nan,nan,nan,nan,nan,0.001000,nan,1.570796,0.350000,0.350000,0.350000,1.000000,nan,nan,nan,nan,nan,nan,0.000000,0.000000,0.000000,nan,nan,nan,0.350000,0.350000,0.350000,1.000000,1,1
0.420000,nan,nan,nan,nan,nan,nan,nan,nan,nan,nan,nan,nan,nan,0.001000,nan,1.570796,0.350000,0.350000,0.350000,1.000000,nan,nan,nan,nan,nan,nan,0.000000,0.000000,0.000000,nan,nan,nan,0.350000,0.350000,0.350000,1.000000,1,1
0.430000,nan,nan,nan,nan,nan,nan,nan,nan,nan,nan,nan,nan,nan,0.001000,nan,1.570796,0.350000,0.350000,0.350000,1.000000,nan,nan,nan,nan,nan,nan,0.000000,0.000000,0.000000,nan,nan,nan,0.350000,0.350000,0.350000,1.000000,1,1
0.440000,nan,nan,nan,nan,nan,nan,nan,nan,nan,nan,nan,nan,nan,0.001000,nan,1.570796,0.350000,0.350000,0.350000,1.000000,nan,nan,nan,nan,nan,nan,0.000000,0.000000,0.000000,nan,nan,nan,0.350000,0.350000,0.350000,1.000000,1,1
0.450000,nan,nan,nan,nan,nan,nan,nan,nan,nan,nan,nan,nan,nan,0.001000,nan,1.570796,0.350000,0.350000,0.350000,1.000000,nan,nan,nan,nan,nan,nan,0.000000,0.000000,0.000000,nan,nan,nan,0.350000,0.350000,0.350000,1.000000,1,1
0.460000,nan,nan,nan,nan,nan,nan,nan,nan,nan,nan,nan,nan,nan,0.001000,nan,1.570796,0.350000,0.350000,0.350000,1.000000,nan,nan,nan,nan,nan,nan,0.000000,0.000000,0.000000,nan,nan,nan,0.350000,0.350000,0.350000,1.000000,1,1
0.470000,nan,nan,nan,nan,nan,nan,nan,nan,nan,nan,nan,nan,nan,0.001000,nan,1.570796,0.350000,0.350000,0.350000,1.000000,nan,nan,nan,nan,nan,nan,0.000000,0.000000,0.000000,nan,nan,nan,0.350000,0.350000,0.350000,1.000000,1,1
0.480000,nan,nan,nan,nan,nan,nan,nan,nan,nan,nan,nan,nan,nan,0.001000,nan,1.570796,0.350000,0.350000,0.350000,1.000000,nan,nan,nan,nan,nan,nan,0.000000,0.000000,0.000000,nan,nan,nan,0.350000,0.350000,0.350000,1.000000,1,1
0.490000,nan,nan,nan,nan,nan,nan,nan,nan,nan,nan,nan,nan,nan,0.001000,nan,1.570796,0.350000,0.350000,0.350000,1.000000,nan,nan,nan,nan,nan,nan,0.000000,0.000000,0.000000,nan,nan,nan,0.350000,0.350000,0.350000,1.000000,1,1
0.500000,nan,nan,nan,nan,nan,nan,nan,nan,nan,nan,nan,nan,nan,0.001000,nan,1.570796,0.350000,0.350000,0.350000,1.000000,nan,nan,nan,nan,nan,nan,0.000000,0.000000,0.000000,nan,nan,nan,0.350000,0.350000,0.350000,1.000000,1,1
0.510000,nan,nan,nan,nan,nan,nan,nan,nan,nan,nan,nan,nan,nan,0.001000,nan,1.570796,0.350000,0.350000,0.350000,1.000000,nan,nan,nan,nan,nan,nan,0.000000,0.000000,0.000000,nan,nan,nan,0.350000,0.350000,0.350000,1.000000,1,1
0.520000,nan,nan,nan,nan,nan,nan,nan,nan,nan,nan,nan,nan,nan,0.001000,nan,1.570796,0.350000,0.350000,0.350000,1.000000,nan,nan,nan,nan,nan,nan,0.000000,0.000000,0.000000,nan,nan,nan,0.350000,0.350000,0.350000,1.000000,1,1
0.530000,nan,nan,nan,nan,nan,nan,nan,nan,nan,nan,nan,nan,nan,0.001000,nan,1.570796,0.350000,0.350000,0.350000,1.000000,nan,nan,nan,nan,nan,nan,0.000000,0.000000,0.000000,nan,nan,nan,0.350000,0.350000,0.350000,1.000000,1,1
0.540000,nan,nan,nan,nan,nan,nan,nan,nan,nan,nan,nan,nan,nan,0.001000,nan,1.570796,0.350000,0.350000,0.350000,1.000000,nan,nan,nan,nan,nan,nan,0.000000,0.000000,0.000000,nan,nan,nan,0.350000,0.350000,0.350000,1.000000,1,1
0.550000,nan,nan,nan,nan,nan,nan,nan,nan,nan,nan,nan,nan,nan,0.001000,nan,1.570796,0.350000,0.350000,0.350000,1.000000,nan,nan,nan,nan,nan,nan,0.000000,0.000000,0.000000,nan,nan,nan,0.350000,0.350000,0.350000,1.000000,1,1
0.560000,nan,nan,nan,nan,nan,nan,nan,nan,nan,nan,nan,nan,nan,0.001000,nan,1.570796,0.350000,0.350000,0.350000,1.000000,nan,nan,nan,nan,nan,nan,0.000000,0.000000,0.000000,nan,nan,nan,0.350000,0.350000,0.350000,1.000000,1,1
0.570000,nan,nan,nan,nan,nan,nan,nan,nan,nan,nan,nan,nan,nan,0.001000,nan,1.570796,0.350000,0.350000,0.350000,1.000000,nan,nan,nan,nan,nan,nan,0.000000,0.000000,0.000000,nan,nan,nan,0.350000,0.350000,0.350000,1.000000,1,1
0.580000,nan,nan,nan,nan,nan,nan,nan,nan,nan,nan,nan,nan,nan,0.001000,nan,1.570796,0.350000,0.350000,0.350000,1.000000,nan,nan,nan,nan,nan,nan,0.000000,0.000000,0.000000,nan,nan,nan,0.350000,0.350000,0.350000,1.000000,1,1
0.590000,nan,nan,nan,nan,nan,nan,nan,nan,nan,nan,nan,nan,nan,0.001000,nan,1.570796,0.350000,0.350000,0.350000,1.000000,nan,nan,nan,nan,nan,nan,0.000000,0.000000,0.000000,nan,nan,nan,0.350000,0.350000,0.350000,1.000000,1,1
0.600000,nan,nan,nan,nan,nan,nan,nan,nan,nan,nan,nan,nan,nan,0.001000,nan,1.570796,0.350000,0.350000,0.350000,1.000000,nan,nan,nan,nan,nan,nan,0.000000,0.000000,0.000000,nan,nan,nan,0.350000,0.350000,0.350000,1.000000,1,1
0.610000,nan,nan,nan,nan,nan,nan,nan,nan,nan,nan,nan,nan,nan,0.001000,nan,1.570796,0.350000,0.350000,0.350000,1.000000,nan,nan,nan,nan,nan,nan,0.000000,0.000000,0.000000,nan,nan,nan,0.350000,0.350000,0.350000,1.000000,1,1
0.620000,nan,nan,nan,nan,nan,nan,nan,nan,nan,nan,nan,nan,nan,0.001000,nan,1.570796,0.350000,0.350000,0.350000,1.000000,nan,nan,nan,nan,nan,nan,0.000000,0.000000,0.000000,nan,nan,nan,0.350000,0.350000,0.350000,1.000000,1,1
0.630000,nan,nan,nan,nan,nan,nan,nan,nan,nan,nan,nan,nan,nan,0.001000,nan,1.570796,0.350000,0.350000,0.350000,1.000000,nan,nan,nan,nan,nan,nan,0.000000,0.000000,0.000000,nan,nan,nan,0.350000,0.350000,0.350000,1.000000,1,1
0.640000,nan,nan,nan,nan,nan,nan,nan,nan,nan,nan,nan,nan,nan,0.001000,nan,1.570796,0.350000,0.350000,0.350000,1.000000,nan,nan,nan,nan,nan,nan,0.000000,0.000000,0.000000,nan,nan,nan,0.350000,0.350000,0.350000,1.000000,1,1
0.650000,nan,nan,nan,nan,nan,nan,nan,nan,nan,nan,nan,nan,nan,0.001000,nan,1.570796,0.350000,0.350000,0.350000,1.000000,nan,nan,nan,nan,nan,nan,0.000000,0.000000,0.000000,nan,nan,nan,0.350000,0.350000,0.350000,1.000000,1,1
0.660000,nan,nan,nan,nan,nan,nan,nan,nan,nan,nan,nan,nan,nan,0.001000,nan,1.570796,0.350000,0.350000,0.350000,1.000000,nan,nan,nan,nan,nan,nan,0.000000,0.000000,0.000000,nan,nan,nan,0.350000,0.350000,0.350000,1.000000,1,1
0.670000,nan,nan,nan,nan,nan,nan,nan,nan,nan,nan,nan,nan,nan,0.001000,nan,1.570796,0.350000,0.350000,0.350000,1.000000,nan,nan,nan,nan,nan,nan,0.000000,0.000000,0.000000,nan,nan,nan,0.350000,0.350000,0.350000,1.000000,1,1
0.680000,nan,nan,nan,nan,nan,nan,nan,nan,nan,nan,nan,nan,nan,0.001000,nan,1.570796,0.350000,0.350000,0.350000,1.000000,nan,nan,nan,nan,nan,nan,0.000000,0.000000,0.000000,nan,nan,nan,0.350000,0.350000,0.350000,1.000000,1,1
0.690000,nan,nan,nan,nan,nan,nan,nan,nan,nan,nan,nan,nan,nan,0.001000,nan,1.570796,0.350000,0.350000,0.350000,1.000000,nan,nan,nan,nan,nan,nan,0.000000,0.000000,0.000000,nan,nan,nan,0.350000,0.350000,0.350000,1.000000,1,1
0.700000,nan,nan,nan,nan,nan,nan,nan,nan,nan,nan,nan,nan,nan,0.001000,nan,1.570796,0.350000,0.350000,0.350000,1.000000,nan,nan,nan,nan,nan,nan,0.000000,0.000000,0.000000,nan,nan,nan,0.350000,0.350000,0.350000,1.000000,1,1
0.710000,nan,nan,nan,nan,nan,nan,nan,nan,nan,nan,nan,nan,nan,0.001000,nan,1.570796,0.350000,0.350000,0.350000,1.000000,nan,nan,nan,nan,nan,nan,0.000000,0.000000,0.000000,nan,nan,nan,0.350000,0.350000,0.350000,1.000000,1,1
0.720000,nan,nan,nan,nan,nan,nan,nan,nan,nan,nan,nan,nan,nan,0.001000,nan,1.570796,0.350000,0.350000,0.350000,1.000000,nan,nan,nan,nan,nan,nan,0.000000,0.000000,0.000000,nan,nan,nan,0.350000,0.350000,0.350000,1.000000,1,1
0.730000,nan,nan,nan,nan,nan,nan,nan,nan,nan,nan,nan,nan,nan,0.001000,nan,1.570796,0.350000,0.350000,0.350000,1.000000,nan,nan,nan,nan,nan,nan,0.000000,0.000000,0.000000,nan,nan,nan,0.350000,0.350000,0.350000,1.000000,1,1
0.740000,nan,nan,nan,nan,nan,nan,nan,nan,nan,nan,nan,nan,nan,0.001000,nan,1.570796,0.350000,0.350000,0.350000,1.000000,nan,nan,nan,nan,nan,nan,0.000000,0.000000,0.000000,nan,nan,nan,0.350000,0.350000,0.350000,1.000000,1,1
0.750000,nan,nan,nan,nan,nan,nan,nan,nan,nan,nan,nan,nan,nan,0.001000,nan,1.570796,0.350000,0.350000,0.350000,1.000000,nan,nan,nan,nan,nan,nan,0.000000,0.000000,0.000000,nan,nan,nan,0.350000,0.350000,0.350000,1.000000,1,1
0.760000,nan,nan,nan,nan,nan,nan,nan,nan,nan,nan,nan,nan,nan,0.001000,nan,1.570796,0.350000,0.350000,0.350000,1.000000,nan,nan,nan,nan,nan,nan,0.000000,0.000000,0.000000,nan,nan,nan,0.350000,0.350000,0.350000,1.000000,1,1
0.770000,nan,nan,nan,nan,nan,nan,nan,nan,nan,nan,nan,nan,nan,0.001000,nan,1.570796,0.350000,0.350000,0.350000,1.000000,nan,nan,nan,nan,nan,nan,0.000000,0.000000,0.000000,nan,nan,nan,0.350000,0.350000,0.350000,1.000000,1,1
0.780000,nan,nan,nan,nan,nan,nan,nan,nan,nan,nan,nan,nan,nan,0.001000,nan,1.570796,0.350000,0.350000,0.350000,1.000000,nan,nan,nan,nan,nan,nan,0.000000,0.000000,0.000000,nan,nan,nan,0.350000,0.350000,0.350000,1.000000,1,1
0.790000,nan,nan,nan,nan,nan,nan,nan,nan,nan,nan,nan,nan,nan,0.001000,nan,1.570796,0.350000,0.350000,0.350000,1.000000,nan,nan,nan,nan,nan,nan,0.000000,0.000000,0.000000,nan,nan,nan,0.350000,0.350000,0.350000,1.000000,1,1
0.800000,nan,nan,nan,nan,nan,nan,nan,nan,nan,nan,nan,nan,nan,0.001000,nan,1.570796,0.350000,0.350000,0.350000,1.000000,nan,nan,nan,nan,nan,nan,0.000000,0.000000,0.000000,nan,nan,nan,0.350000,0.350000,0.350000,1.000000,1,1
0.810000,nan,nan,nan,nan,nan,nan,nan,nan,nan,nan,nan,nan,nan,0.001000,nan,1.570796,0.350000,0.350000,0.350000,1.000000,nan,nan,nan,nan,nan,nan,0.000000,0.000000,0.000000,nan,nan,nan,0.350000,0.350000,0.350000,1.000000,1,1
0.820000,nan,nan,nan,nan,nan,nan,nan,nan,nan,nan,nan,nan,nan,0.001000,nan,1.570796,0.350000,0.350000,0.350000,1.000000,nan,nan,nan,nan,nan,nan,0.000000,0.000000,0.000000,nan,nan,nan,0.350000,0.350000,0.350000,1.000000,1,1
0.830000,nan,nan,nan,nan,nan,nan,nan,nan,nan,nan,nan,nan,nan,0.001000,nan,1.570796,0.350000,0.350000,0.350000,1.000000,nan,nan,nan,nan,nan,nan,0.000000,0.000000,0.000000,nan,nan,nan,0.350000,0.350000,0.350000,1.000000,1,1
0.840000,nan,nan,nan,nan,nan,nan,nan,nan,nan,nan,nan,nan,nan,0.001000,nan,1.570796,0.350000,0.350000,0.350000,1.000000,nan,nan,nan,nan,nan,nan,0.000000,0.000000,0.000000,nan,nan,nan,0.350000,0.350000,0.350000,1.000000,1,1
0.850000,nan,nan,nan,nan,nan,nan,nan,nan,nan,nan,nan,nan,nan,0.001000,nan,1.570796,0.350000,0.350000,0.350000,1.000000,nan,nan,nan,nan,nan,nan,0.000000,0.000000,0.000000,nan,nan,nan,0.350000,0.350000,0.350000,1.000000,1,1
0.860000,nan,nan,nan,nan,nan,nan,nan,nan,nan,nan,nan,nan,nan,0.001000,nan,1.570796,0.350000,0.350000,0.350000,1.000000,nan,nan,nan,nan,nan,nan,0.000000,0.000000,0.000000,nan,nan,nan,0.350000,0.350000,0.350000,1.000000,1,1
0.870000,nan,nan,nan,nan,nan,nan,nan,nan,nan,nan,nan,nan,nan,0.001000,nan,1.570796,0.350000,0.350000,0.350000,1.000000,nan,nan,nan,nan,nan,nan,0.000000,0.000000,0.000000,nan,nan,nan,0.350000,0.350000,0.350000,1.000000,1,1
0.880000,nan,nan,nan,nan,nan,nan,nan,nan,nan,nan,nan,nan,nan,0.001000,nan,1.570796,0.350000,0.350000,0.350000,1.000000,nan,nan,nan,nan,nan,nan,0.000000,0.000000,0.000000,nan,nan,nan,0.350000,0.350000,0.350000,1.000000,1,1
0.890000,nan,nan,nan,nan,nan,nan,nan,nan,nan,nan,nan,nan,nan,0.001000,nan,1.570796,0.350000,0.350000,0.350000,1.000000,nan,nan,nan,nan,nan,nan,0.000000,0.000000,0.000000,nan,nan,nan,0.350000,0.350000,0.350000,1.000000,1,1
0.900000,nan,nan,nan,nan,nan,nan,nan,nan,nan,nan,nan,nan,nan,0.001000,nan,1.570796,0.350000,0.350000,0.350000,1.000000,nan,nan,nan,nan,nan,nan,0.000000,0.000000,0.000000,nan,nan,nan,0.350000,0.350000,0.350000,1.000000,1,1
0.910000,nan,nan,nan,nan,nan,nan,nan,nan,nan,nan,nan,nan,nan,0.001000,nan,1.570796,0.350000,0.350000,0.350000,1.000000,nan,nan,nan,nan,nan,nan,0.000000,0.000000,0.000000,nan,nan,nan,0.350000,0.350000,0.350000,1.000000,1,1
0.920000,nan,nan,nan,nan,nan,nan,nan,nan,nan,nan,nan,nan,nan,0.001000,nan,1.570796,0.350000,0.350000,0.350000,1.000000,nan,nan,nan,nan,nan,nan,0.000000,0.000000,0.000000,nan,nan,nan,0.350000,0.350000,0.350000,1.000000,1,1
0.930000,nan,nan,nan,nan,nan,nan,nan,nan,nan,nan,nan,nan,nan,0.001000,nan,1.570796,0.350000,0.350000,0.350000,1.000000,nan,nan,nan,nan,nan,nan,0.000000,0.000000,0.000000,nan,nan,nan,0.350000,0.350000,0.350000,1.000000,1,1
0.940000,nan,nan,nan,nan,nan,nan,nan,nan,nan,nan,nan,nan,nan,0.001000,nan,1.570796,0.350000,0.350000,0.350000,1.000000,nan,nan,nan,nan,nan,nan,0.000000,0.000000,0.000000,nan,nan,nan,0.350000,0.350000,0.350000,1.000000,1,1
0.950000,nan,nan,nan,nan,nan,nan,nan,nan,nan,nan,nan,nan,nan,0.001000,nan,1.570796,0.350000,0.350000,0.350000,1.000000,nan,nan,nan,nan,nan,nan,0.000000,0.000000,0.000000,nan,nan,nan,0.350000,0.350000,0.350000,1.000000,1,1
0.960000,nan,nan,nan,nan,nan,nan,nan,nan,nan,nan,nan,nan,nan,0.001000,nan,1.570796,0.350000,0.350000,0.350000,1.000000,nan,nan,nan,nan,nan,nan,0.000000,0.000000,0.000000,nan,nan,nan,0.350000,0.350000,0.350000,1.000000,1,1
0.970000,nan,nan,nan,nan,nan,nan,nan,nan,nan,nan,nan,nan,nan,0.001000,nan,1.570796,0.350000,0.350000,0.350000,1.000000,nan,nan,nan,nan,nan,nan,0.000000,0.000000,0.000000,nan,nan,nan,0.350000,0.350000,0.350000,1.000000,1,1
0.980000,nan,nan,nan,nan,nan,nan,nan,nan,nan,nan,nan,nan,nan,0.001000,nan,1.570796,0.350000,0.350000,0.350000,1.000000,nan,nan,nan,nan,nan,nan,0.000000,0.000000,0.000000,nan,nan,nan,0.350000,0.350000,0.350000,1.000000,1,1
0.990000,nan,nan,nan,nan,nan,nan,nan,nan,nan,nan,nan,nan,nan,0.001000,nan,1.570796,0.350000,0.350000,0.350000,1.000000,nan,nan,nan,nan,nan,nan,0.000000,0.000000,0.000000,nan,nan,nan,0.350000,0.350000,0.350000,1.000000,1,1
